{"IcoMoonType":"selection","icons":[{"icon":{"paths":["M512 14.629c-282.819 0-512 224.305-512 497.371s229.181 497.371 512 497.371 512-224.305 512-497.371c0-273.067-229.181-497.371-512-497.371zM512 824.076c-34.133 0-63.39-29.257-63.39-63.39s29.257-63.39 63.39-63.39 63.39 29.257 63.39 63.39c0 34.133-29.257 63.39-63.39 63.39v0zM565.638 604.648v53.638h-107.276v-151.162h53.638c58.514 0 102.4-43.886 102.4-97.524s-43.886-97.524-102.4-97.524-102.4 43.886-102.4 97.524h-102.4c0-112.152 92.648-199.924 204.8-199.924s204.8 87.771 204.8 199.924c0 97.524-63.39 175.543-151.162 195.048z"],"attrs":[{}],"isMulticolor":false,"isMulticolor2":false,"tags":["question-circle"],"grid":0},"attrs":[{}],"properties":{"order":4,"id":15,"name":"question-circle","prevSize":32,"code":59662},"setIdx":0,"setId":0,"iconIdx":15}],"height":1024,"metadata":{"name":"icomoon"},"preferences":{"showGlyphs":true,"showCodes":true,"showQuickUse":true,"showQuickUse2":true,"showSVGs":true,"fontPref":{"prefix":"icon-","metadata":{"fontFamily":"icomoon"},"metrics":{"emSize":1024,"baseline":6.25,"whitespace":50},"embed":false},"imagePref":{"prefix":"icon-","png":true,"useClassSelector":true,"color":0,"bgColor":16777215},"historySize":50}}